bundle,deleted,entity_id,revision_id,langcode,delta,roles_target_id
user,0,1,1,en,0,administrator
user,0,12,12,en,0,administrator
user,0,18,18,en,0,data_custodian
user,0,19,19,en,0,data_admin
user,0,21,21,en,0,data_custodian
user,0,22,22,en,0,data_custodian
user,0,23,23,en,0,data_custodian
user,0,24,24,en,0,data_custodian
user,0,25,25,en,0,data_custodian
user,0,26,26,en,0,data_custodian
user,0,27,27,en,0,data_custodian
user,0,28,28,en,0,data_custodian
user,0,29,29,en,0,data_custodian
user,0,30,30,en,0,data_custodian
user,0,31,31,en,0,data_custodian
user,0,32,32,en,0,data_custodian
user,0,33,33,en,0,data_custodian
user,0,34,34,en,0,data_custodian
user,0,35,35,en,0,data_custodian
user,0,36,36,en,0,data_custodian
user,0,37,37,en,0,data_custodian
user,0,38,38,en,0,data_custodian
user,0,39,39,en,0,data_custodian
user,0,40,40,en,0,data_custodian
user,0,41,41,en,0,data_custodian
user,0,42,42,en,0,data_custodian
user,0,43,43,en,0,data_custodian
user,0,44,44,en,0,data_custodian
user,0,45,45,en,0,data_custodian
user,0,46,46,en,0,data_custodian
user,0,47,47,en,0,data_custodian
user,0,48,48,en,0,data_custodian
user,0,49,49,en,0,data_custodian
user,0,50,50,en,0,data_custodian
user,0,51,51,en,0,data_custodian
user,0,52,52,en,0,data_custodian
user,0,53,53,en,0,data_custodian
user,0,54,54,en,0,data_custodian
user,0,55,55,en,0,data_custodian
user,0,56,56,en,0,data_custodian
user,0,57,57,en,0,data_custodian
user,0,58,58,en,0,data_custodian
user,0,59,59,en,0,data_custodian
user,0,60,60,en,0,data_custodian
user,0,61,61,en,0,data_custodian
user,0,62,62,en,0,data_custodian
user,0,63,63,en,0,data_custodian
user,0,64,64,en,0,data_custodian
user,0,65,65,en,0,data_custodian
user,0,66,66,en,0,data_custodian
user,0,67,67,en,0,data_custodian
user,0,68,68,en,0,data_custodian
user,0,69,69,en,0,data_custodian
user,0,70,70,en,0,data_custodian
user,0,71,71,en,0,data_custodian
user,0,72,72,en,0,data_custodian
user,0,73,73,en,0,data_custodian
user,0,74,74,en,0,data_custodian
user,0,75,75,en,0,data_custodian
user,0,76,76,en,0,data_custodian
user,0,77,77,en,0,data_custodian
user,0,78,78,en,0,data_custodian
user,0,79,79,en,0,data_custodian
user,0,80,80,en,0,data_custodian
user,0,81,81,en,0,data_custodian
user,0,82,82,en,0,data_custodian
user,0,83,83,en,0,data_custodian
user,0,84,84,en,0,data_custodian
user,0,85,85,en,0,data_custodian
user,0,86,86,en,0,data_custodian
user,0,87,87,en,0,data_custodian
user,0,88,88,en,0,data_custodian
user,0,89,89,en,0,data_custodian
user,0,90,90,en,0,data_custodian
user,0,91,91,en,0,data_custodian
user,0,92,92,en,0,data_custodian
user,0,93,93,en,0,data_custodian
user,0,94,94,en,0,data_custodian
user,0,95,95,en,0,data_custodian
user,0,96,96,en,0,data_custodian
user,0,97,97,en,0,data_custodian
user,0,98,98,en,0,data_custodian
user,0,99,99,en,0,data_custodian
user,0,100,100,en,0,data_custodian
user,0,101,101,en,0,data_custodian
user,0,102,102,en,0,data_custodian
user,0,103,103,en,0,data_custodian
user,0,104,104,en,0,data_custodian
user,0,105,105,en,0,data_custodian
user,0,106,106,en,0,data_custodian
user,0,107,107,en,0,data_custodian
user,0,108,108,en,0,data_custodian
user,0,109,109,en,0,data_custodian
user,0,110,110,en,0,data_custodian
user,0,111,111,en,0,data_custodian
user,0,112,112,en,0,data_custodian
user,0,113,113,en,0,data_custodian
user,0,114,114,en,0,data_custodian
user,0,115,115,en,0,data_custodian
user,0,116,116,en,0,data_custodian
user,0,117,117,en,0,data_custodian
user,0,118,118,en,0,data_custodian
user,0,119,119,en,0,data_custodian
user,0,120,120,en,0,data_custodian
user,0,121,121,en,0,data_custodian
user,0,122,122,en,0,data_custodian
user,0,123,123,en,0,data_custodian
user,0,124,124,en,0,data_custodian
user,0,125,125,en,0,data_custodian
user,0,126,126,en,0,data_custodian
user,0,127,127,en,0,data_custodian
user,0,128,128,en,0,administrator
user,0,131,131,en,0,data_custodian
user,0,133,133,en,0,sys_admin
user,0,134,134,en,0,data_custodian
user,0,135,135,en,0,data_admin
user,0,136,136,en,0,identity_hub
user,0,136,136,en,1,data_custodian
user,0,138,138,en,0,identity_hub
user,0,138,138,en,1,data_custodian
user,0,139,139,en,0,identity_hub
user,0,139,139,en,1,sys_admin
user,0,140,140,en,0,sys_admin
user,0,141,141,en,0,identity_hub
user,0,141,141,en,1,sys_admin
user,0,142,142,en,0,sys_admin
user,0,143,143,en,0,identity_hub
user,0,143,143,en,1,data_custodian
user,0,144,144,en,0,data_custodian
user,0,145,145,en,0,data_custodian
user,0,146,146,en,0,data_custodian
user,0,147,147,en,0,identity_hub
user,0,147,147,en,1,data_custodian
user,0,147,147,en,2,data_admin
user,0,149,149,en,0,data_custodian
user,0,151,151,en,0,identity_hub
user,0,151,151,en,1,data_custodian
user,0,151,151,en,2,data_admin
user,0,152,152,en,0,data_custodian
user,0,153,153,en,0,data_custodian
user,0,156,156,en,0,identity_hub
user,0,157,157,en,0,administrator
user,0,158,158,en,0,data_custodian
user,0,159,159,en,0,data_custodian
user,0,160,160,en,0,data_custodian
user,0,161,161,en,0,data_custodian
user,0,162,162,en,0,data_custodian
user,0,163,163,en,0,data_custodian
user,0,164,164,en,0,data_custodian
user,0,166,166,en,0,data_custodian
user,0,167,167,en,0,data_custodian
user,0,168,168,en,0,identity_hub
user,0,168,168,en,1,data_custodian
user,0,170,170,en,0,data_custodian
user,0,172,172,en,0,sys_admin
user,0,173,173,en,0,data_custodian
user,0,177,177,en,0,data_custodian
user,0,178,178,en,0,data_custodian
user,0,179,179,en,0,data_custodian
user,0,183,183,en,0,identity_hub
user,0,185,185,en,0,identity_hub
user,0,185,185,en,1,data_custodian
user,0,186,186,en,0,data_custodian
user,0,190,190,en,0,administrator
user,0,202,202,en,0,identity_hub
user,0,204,204,en,0,identity_hub
user,0,204,204,en,1,data_custodian
user,0,205,205,en,0,identity_hub
user,0,206,206,en,0,data_custodian
user,0,207,207,en,0,data_custodian
user,0,208,208,en,0,identity_hub
user,0,208,208,en,1,data_custodian
user,0,208,208,en,2,data_admin
